state,stations,outage_rate,stale_rate,median_age_minutes
ACT,64,6.25,0.0,4078.34154435
NSW,2290,6.99,0.0,3783.89154435
NT,73,1.37,0.0,
QLD,2359,7.63,0.0,688.5748776833333
SA,135,1.48,0.0,1018.5748776833333
TAS,504,0.99,0.0,5347.71654435
VIC,2131,11.07,0.0,2151.34154435
WA,830,0.48,0.0,892.5748776833333
