state,stations,outage_rate,stale_rate,median_age_minutes
ACT,64,7.81,0.0,3188.10915555
NSW,2283,10.73,0.0,3216.425822216667
NT,73,2.74,0.0,
QLD,600,2.0,0.0,1613.3758222166666
SA,124,4.03,0.0,1522.3758222166666
TAS,506,0.99,0.0,5421.967488883333
VIC,2130,13.15,0.0,2634.925822216667
WA,762,1.44,0.0,1391.3758222166666
